date,time,ip,username,login_success
13/12/2021,06:13:16,127.0.0.1,mellow,False
13/12/2021,06:20:08,127.0.0.1,mellow,False
13/12/2021,06:20:27,127.0.0.1,mellow,True
14/12/2021,17:49:11,127.0.0.1,mellow,False
14/12/2021,17:49:17,127.0.0.1,mellow,False
14/12/2021,17:49:19,127.0.0.1,mellow,False
14/12/2021,17:49:19,127.0.0.1,mellow,False
14/12/2021,17:49:37,127.0.0.1,mellow,True
14/12/2021,17:49:53,127.0.0.1,h,True
14/12/2021,17:50:34,127.0.0.1,h,True
14/12/2021,17:51:00,127.0.0.1,mellow,True
14/12/2021,17:51:02,127.0.0.1,mellow,True
14/12/2021,17:51:15,127.0.0.1,mellow,False
14/12/2021,17:54:42,127.0.0.1,mellow,True
